{"cameraMode":{"drawMode":0,"name":"Shaded","section":"Shading Mode"},"sceneLighting":false,"audioPlay":false,"sceneViewState":{"showFog":true,"showMaterialUpdate":false,"showSkybox":true,"showFlares":true,"showImageEffects":true,"showParticleSystems":true},"in2DMode":false,"pivot":{"x":4.716000080108643,"y":0.24851185083389283,"z":-0.8600000143051148},"rotation":{"x":-0.02677219919860363,"y":-0.9570737481117249,"z":0.0939149558544159,"w":-0.27289754152297976},"size":2.071425199508667,"orthographic":false}