{"cameraMode":{"drawMode":24,"name":"Light Overlap","section":"Baked Global Illumination"},"sceneLighting":false,"audioPlay":false,"sceneViewState":{"showFog":true,"showMaterialUpdate":true,"showSkybox":true,"showFlares":true,"showImageEffects":true,"showParticleSystems":true},"in2DMode":false,"pivot":{"x":0.6594235897064209,"y":0.4996504485607147,"z":5.92919921875},"rotation":{"x":-0.49392959475517275,"y":-0.505649209022522,"z":0.5142441987991333,"w":-0.4857008457183838},"size":2.256732940673828,"orthographic":false}