{"cameraMode":{"drawMode":0,"name":"Shaded","section":"Shading Mode"},"sceneLighting":false,"audioPlay":false,"sceneViewState":{"showFog":true,"showMaterialUpdate":false,"showSkybox":true,"showFlares":true,"showImageEffects":true,"showParticleSystems":true},"in2DMode":false,"pivot":{"x":0.7592263221740723,"y":3.179835796356201,"z":3.813577175140381},"rotation":{"x":-0.018579885363578798,"y":0.24989989399909974,"z":0.004790205042809248,"w":0.9680815935134888},"size":8.979137420654297,"orthographic":false}