{"cameraMode":{"drawMode":0,"name":"Shaded","section":"Shading Mode"},"sceneLighting":false,"audioPlay":false,"sceneViewState":{"showFog":true,"showMaterialUpdate":false,"showSkybox":true,"showFlares":true,"showImageEffects":true,"showParticleSystems":true},"in2DMode":false,"pivot":{"x":4.272715091705322,"y":9.661463737487793,"z":16.658552169799806},"rotation":{"x":-0.1862490475177765,"y":-0.0689256563782692,"z":0.013104512356221676,"w":-0.9799943566322327},"size":58.05084228515625,"orthographic":false}