{"cameraMode":{"drawMode":0,"name":"Shaded","section":"Shading Mode"},"sceneLighting":false,"audioPlay":false,"sceneViewState":{"showFog":true,"showMaterialUpdate":false,"showSkybox":true,"showFlares":true,"showImageEffects":true,"showParticleSystems":true},"in2DMode":false,"pivot":{"x":-1.7899999618530274,"y":1.9600000381469727,"z":3.9138736724853517},"rotation":{"x":-0.23427815735340119,"y":0.1342335343360901,"z":-0.03267989680171013,"w":-0.9623030424118042},"size":3.757883310317993,"orthographic":false}