{"cameraMode":{"drawMode":0,"name":"Shaded","section":"Shading Mode"},"sceneLighting":false,"audioPlay":false,"sceneViewState":{"showFog":true,"showMaterialUpdate":false,"showSkybox":true,"showFlares":true,"showImageEffects":true,"showParticleSystems":true},"in2DMode":false,"pivot":{"x":10.425430297851563,"y":24.68292808532715,"z":23.437103271484376},"rotation":{"x":-0.3006010353565216,"y":0.2495935559272766,"z":-0.08182550966739655,"w":-0.9168678522109985},"size":22.0,"orthographic":false}