{"cameraMode":{"drawMode":0,"name":"Shaded","section":"Shading Mode"},"sceneLighting":false,"audioPlay":true,"sceneViewState":{"showFog":true,"showMaterialUpdate":false,"showSkybox":true,"showFlares":true,"showImageEffects":true,"showParticleSystems":true},"in2DMode":false,"pivot":{"x":4.662012100219727,"y":3.2660000324249269,"z":5.853989601135254},"rotation":{"x":-0.16143082082271577,"y":-0.6332976818084717,"z":0.7443166971206665,"w":-0.13735638558864594},"size":12.666396141052246,"orthographic":false}