{"cameraMode":{"drawMode":0,"name":"Shaded","section":"Shading Mode"},"sceneLighting":false,"audioPlay":false,"sceneViewState":{"showFog":true,"showMaterialUpdate":false,"showSkybox":true,"showFlares":true,"showImageEffects":true,"showParticleSystems":true},"in2DMode":false,"pivot":{"x":16.629207611083986,"y":-0.8429666757583618,"z":3.783127546310425},"rotation":{"x":-0.12519586086273194,"y":0.5424919724464417,"z":-0.08215872943401337,"w":-0.8266065716743469},"size":6.995091438293457,"orthographic":false}