{"cameraMode":{"drawMode":0,"name":"Shaded","section":"Shading Mode"},"sceneLighting":false,"audioPlay":false,"sceneViewState":{"showFog":true,"showMaterialUpdate":false,"showSkybox":true,"showFlares":true,"showImageEffects":true,"showParticleSystems":true},"in2DMode":false,"pivot":{"x":10.425430297851563,"y":24.68292808532715,"z":23.437103271484376},"rotation":{"x":-0.1862490475177765,"y":-0.0689256563782692,"z":0.013104512356221676,"w":-0.9799943566322327},"size":22.0,"orthographic":false}