{"cameraMode":{"drawMode":0,"name":"Shaded","section":"Shading Mode"},"sceneLighting":false,"audioPlay":false,"sceneViewState":{"showFog":false,"showMaterialUpdate":false,"showSkybox":false,"showFlares":false,"showImageEffects":false,"showParticleSystems":false},"in2DMode":false,"pivot":{"x":12.802251815795899,"y":10.59811019897461,"z":-4.185018539428711},"rotation":{"x":0.16011379659175874,"y":-0.1873597800731659,"z":0.030965521931648256,"w":0.9686594605445862},"size":13.02419376373291,"orthographic":false}