{"cameraMode":{"drawMode":0,"name":"Shaded","section":"Shading Mode"},"sceneLighting":false,"audioPlay":false,"sceneViewState":{"showFog":true,"showMaterialUpdate":false,"showSkybox":true,"showFlares":true,"showImageEffects":true,"showParticleSystems":true},"in2DMode":false,"pivot":{"x":6.187314033508301,"y":1.1071662902832032,"z":-2.5421838760375978},"rotation":{"x":0.13946937024593354,"y":0.511317253112793,"z":-0.0845169797539711,"w":0.8437771797180176},"size":22.0,"orthographic":false}