{"cameraMode":{"drawMode":0,"name":"Shaded","section":"Shading Mode"},"sceneLighting":false,"audioPlay":false,"sceneViewState":{"showFog":true,"showMaterialUpdate":false,"showSkybox":true,"showFlares":true,"showImageEffects":true,"showParticleSystems":true},"in2DMode":false,"pivot":{"x":1574.6116943359375,"y":744.88671875,"z":176.9291229248047},"rotation":{"x":-0.1505165845155716,"y":0.16698740422725678,"z":-0.025798430666327478,"w":-0.9740607738494873},"size":2.6252355575561525,"orthographic":false}