{"cameraMode":{"drawMode":0,"name":"Shaded","section":"Shading Mode"},"sceneLighting":false,"audioPlay":false,"sceneViewState":{"showFog":true,"showMaterialUpdate":false,"showSkybox":true,"showFlares":true,"showImageEffects":true,"showParticleSystems":true},"in2DMode":false,"pivot":{"x":1.8359004259109498,"y":-0.04478892683982849,"z":1.2660449743270875},"rotation":{"x":-0.06997095048427582,"y":-0.24841657280921937,"z":0.017998414114117624,"w":-0.9659551382064819},"size":4.7545166015625,"orthographic":false}