{"cameraMode":{"drawMode":0,"name":"Shaded","section":"Shading Mode"},"sceneLighting":false,"audioPlay":false,"sceneViewState":{"showFog":true,"showMaterialUpdate":false,"showSkybox":true,"showFlares":true,"showImageEffects":true,"showParticleSystems":true},"in2DMode":false,"pivot":{"x":0.4024953842163086,"y":-2.644563674926758,"z":3.8939123153686525},"rotation":{"x":-0.3006010353565216,"y":0.2495935559272766,"z":-0.08182550966739655,"w":-0.9168678522109985},"size":17.540414810180665,"orthographic":false}